elf_ID,ear_length_cm,DNA_seq
PiBKqp,9.77,TTATAGCTTCCCGCATTTAAGGGTGCGCTGAATCTCCGCGAGCAGGCCGCTGTGTGGTTACGACGGGTCCTGACTCAGATAAACACAGTATTCTAAGATGCGTATTACTACTTAGTGGATGCAACATTAGGCTTGAGAGAAGATTCAGGTAAGACATAATGATTATTCTCGCGATAGCTTTTTACGATAGTGTTTTCGCGCGACATGCAT
Lquuv8,16.58,AGAAAGCCGCCGATTTCATAGTGATCCATAACTTACCATTTACTTGGATGACCTGTGTAGAGTCCAAACGGAGACCTCGTGATGATATTTAACTCACGCCGGAAGATTGTGCTAGAGCCCTTTTGTCACGCATAGTATGACGCCGAGGTAAATGGTCATATTCAAGCCTTAGGGTGGCGCCGCCTTCGGGCATGTAACACCTCTCGCTTC
BBPQ2g,16.79,GTCGAGATCCAATCGATCTCTGTGGCGGGACGGTATATAGCGTATACGCGATCGTAAAGAACGGAGTTTACATAACACAAGCCCGTGACAGAAAGTTGGATGGTCGAGACAATGTCCTTGTGTGTAACCGACGCAATTAAGAAACGGAGTCAAAACAGGCAAGTCGGTCAAACCACCCGGCATGCAGGGCCTGGCTTACCGTGTCAACAC
USh2Os,12.57,GCTTGTCGACTTCACCCGCCACACCCGGTAGATCGCCGATGACGAAAGCACTCCATTTCGCTATGCAGGTTTGGTCAGTATGGCAATAAGAGCCAGAGGACGAGTCGAACTCTTTGTCGGTTCAGAATTTGACACTAGGCTCGCTCAGGCGCGCGCAGTACGCCTTTAACAGGTTACTATAAACGAGCTAGGTTTTGTATGTTAGTCCTC
e0ABRm,17.98,AAGCGGCTGTAACCATTGGATACATCGATAACGTGTGGGCACGAATGCTTCACATACACTAGTAAGTTGCTTTTTTTAACGCGGCGGATCACATGGGTTAAGCAGCCGTTTACAAGTTACAATAGCGCGCACGCCCGGTACCGAGCCACAACTTGGAGCCTAGCTTCTCTATCTCGCGGTGACCCTAGATAAAATACTGTCCGATGACGT
trQkbT,7.53,GTATGATAAGTGTTTGTTCAGTGTCGTAGATCGTCACAGCACGTCACGTTTGCAGAACATCTGCAGTTTGTAACGAATTCGCCGTCGCCGATCGACCCGGTACCGTGATCAGTCCGCGCAGGTCACCCGTATACGGACTAGTGGCGAATCCTGGAAAATCGCATCTTTCCCCTGATAGAACCTGATTAATCGGAATACCTGTCTCGCCCG
SKM4nD,6.37,GGGGCAAGTAATTATTCTACACCAGTACCCTAATAATCCGACACTGAGAGTTTGATTAGGTGTAGAGTGTTCAGCGGGGCCATCTTCGTGGCCTTTTTGATATGATGGGCATACCGGCGGGTCTCGGTACTAGAGGCAGGTTAATCAGCCATGTATTCCCCTTTGCTCAATGCGTACATTTATGATTTGATCCCGACGAAGTCCCAGCTG
95thu2,14.06,GCGTGTAGACCATCCGTCCACTCAGGGGAAGAAAGCGGCCCCGGAGGTGTTCGCCCCAAGCATATAATAGCCTGTGCCTGCGGCGTGCATGCTTCGGCTCCCTCACATCTGAAGCGTCAACGATTATCGGGTCGGCGTTCTATGAATGGCTTGGTTAGATGGCCCCCCCCCCAGTTGGGCGACTCCTCAGATTCCGACGGTCGGGTTTTA
yp3MNw,17.16,TCAATATACCTCCCTTACGAAACCGACACAGAGGATACGTTGGACATCTTTAGGAGGATGCGGTACTATGTGATGGTATTACCCATCCCTTGATTCCCGGCAGGAGAATCCAAGCTGACCACACTGCCCACGGTTCCGTTTTGGGGGCTGGCCCACCCCGCTGTTTTATACAAACGCCTGGGAGTTGACACTCGGCGTGTTATCGCTCAG
s4v20B,8.39,TGGTTATCATTATCTTACGTGCGCGTGACCTAGTCTTAATTATGTCCGCTCGTCGGGAGCCTCGGAGCCTAGCCTGCATCGCCCAACTTCGGCTCGCCTATGCAGTCGTTATTAATTAGATAGGAACAACTACGGGAGAGACAACACCTATCCCAACTCCCAGCCTGTCCAATTCCCTTCAGATGTGGGTGCTATGTGTAGCTAGCAAAG
wlqtbt,14.13,GCTAGGGATGCCAGGGTGTAGTGGTACATATCAAACTCGGGTTCCAATACTTATGCTACTCACAGCCCTATCATTTAACCACGCTTGATACTGAATGAGTCTGCAGAACTCGTCGGTACGTCCCTTTCCCCAGTTCCGTGCCCCTGTGCTGCCTGCCTAGTGAGCTTCCTTTCAGGCCGGGACACTTTTGATGGCACCCGTAGGTCATCA
hS3wvx,13.16,GAATTGTTGGCCGTGCGGTATAGAGATGACGCGGATTTGTGCACCCCCCATGTGGTAAGCGCTTGGAGTGTGGACTCTCTGCTATCGTATCACAGGCTGTGACTCGGGACTCAGCGCGATCGCCGCCGCCGATACTAGCCGGATTCATCGAGCTGACATGCAAATGCGCCCGTCGTGCCACGTTCCAAGGTTGATTAAAATCGCATTATC
2KbUPM,9.93,GAGAAATTTTACCTGCCGGGGCCTTGACACAATGCGGACGCCAAAACTTCAATCATACTGGCATGTGTTCTCTGCGTCGGTCGGAGTCTCGCTATCAAGGAGAGCGGACTGAGAGGATAGTTCAAGTGGAATAATGCCCTCACTCTCAGTGTCAATCCACGAAAGGCATCAACCACGCTAATGCTCGGGATTTTTCTGTAGCAGACTGCT
qflIcl,15.1,TCAGTCGTTAGCACATAGGTTGCCTGGGAAGACGGGACTAGACAGCTATCTGGCGTCCCAAGTACTCTCCAACGGTGTCCTCAATGTTGCTTGCCGCCCGAATGCAAATAAGTGTTATTAAGACAATCAGTGCTGATGTAGTCTACACGGCCTAATGTTATAATGTACAATAGTATAGGAATGTTGAGGCGAACGATGACTCCTTTTTTG
cNSA7I,17.39,GCTTTTCTATGTCTAATGACCGCAGGATTCTATATGTAAGATCTTATCTGTGTGTGAATACGCTTAGTGTCAAAGGCTCGCGCGCTAGCAAATATGCCGGAGCCGTCATCCCGATTATTTTAAACTGGACACGCGAGTCTGGGGGAGGCTCCGATTGGTAGGACATAGCTGATCGGCAAGAAACCCATTCCAACGCGAGGCATCTTAGAG
gjoKkP,12.75,AGTAGCGCCGTAGCTGGCTCGGAAACCGCAATCCTGTAGTCTATTGAGTGGACCTTTTCTTGGAGACAAACTCTTGATGCGGGGTGCCTGATTTACTCCGGCCTGGGATGCCTATGGAGTATGACCCAAGGGAACTGAGAACATACGTTTGAAAGACGTAAATGCTACCCGGTACACCACTGAACGGAATTTCGGATTTGGCTGTATTAC
Gbbn5H,11.04,AGGATGTAGCAGCAGGATCCATTGAGTTTAGTATGCAGGTATAGTTTTCGATACGACTTGGCTTTGGGTAGCTATTTTGAAACTAAAGCGCAGCATCAATCTGTTGAAGAAAGGGGAAGCTCCTTTAGCCGGATTTAACCCCTAATAATATCGTCCGCCATACCTTAACACGTGGCTAAGCACGTCGGATAGGTTTCATTCAACTCGTCC
Bs5oYz,6.37,AGTTCGTTTTGTGATGCGTCGTGCATGGGTAAGTGGTGCGCGTCTGAGTAACGGGGCCCAGTCAATGGGAGCCAGGAACTAAGCAATGTAAACAGCAATACTCGACCGGTAGGGGTGACTCGGGAAACCGTGAGTCGCCTGCATGCACGCGAATTCAAAGGTAGCATTGTGACACCCATACCTGTAAGCCACACCTTGGACACGGTGGTC
qv7RHz,10.86,CACTATGTCGATATGTGAACTAATTATTTAAGCGTGAGCCCTGGGCTCCCTCCTGCCCAAGGGGAACCATACTCGTTCCATCATATCTAGCCGCGGACCCTGGGGCAATTATTGTAAGCTTGCGAAGACCTAGTCTTCTGCCGGCGAGACTCAATGGAGTAGAGGGGTAGTCTGGTCTAATTACGAGGGCTGCCTGTGTTTTTCTCCGAT
xoSThj,15.16,CTGGGGCGTTCCCGCCTGCGTCCTCCCGAGCCGGAAGTCGTCGCACCGTCCGGGGTGTTGCCTTCCAACAGGGTTCCTGTAGTAAAATAGATTAATTGTAGGGCGTTTGGAAACTCCTGGCAGAAGGCCGATAAAGACCGAGACATGTGCACAACTGACGGTTACATCTCCGGTGGGCGTGCGCCATCAACACTAACAATGTGCGGCGTG
JwSyJX,14.0,TACCATAGGCCAGAGTGGCCTTAATCGTAGAATATTGTGTAGCTTCACTGTATTGGCACCCGTGAACGTCGGGCGTCGTCTGGTAAAGGTCCGCCTCCGCAGGGCCGACCGCAGAAAGGTGCACGACGTGACGGCCGGCCGTCCACTGATCTTGACTTGTGAGATGCATGGCAGGTTTACGCTACAACACACAAGACTGAAGTGACCACG
zYvOhp,10.74,CTTCTAGAAATTACGTGGCCTAAAGTTTCCCAGACAGCACCGGTCTGCAGTATGGTCGTGCCATATTCAGGACATCGGAACTGTCTTGTATCAGACGCCCACCGTATTTTGTTGACCTCCCCGGCGCGCTTAACCGTCGTCCTGCAGAGAGGGCGAAGTATGATTCCTACCGTTTGAATAGCTAGGAGCCTAAGAATAACGCGGACGCCG
D7Ogoi,15.11,TCACCGAGTACCTGTCGCTTAAAAAGATGACGTCAGATTAAATTAAGCCATCGGCTGCTAACTACTTTACTGGCCAGAATTTTAACAACATCTGTACGTTTAGTACAAGGCTGACATCTGAATCTGCGATCGACCGTTAGCAAATCGAGTAGAACCCTTAGTACAGATCAGCGTCATAATGCCCTTTGACACCCGGGTCGCTTTCTAGTT
zT16fH,13.64,GATGGGTACCCCAAGTGATGGATAGTCACGCTCGCAACACTCTCCGCCCCGGCAAATTAACTACAATAACCTCGGTACCTATTTGCAGCGTTCGTCAATCTATGAACGGAATATACGAGACTGTGAACCACTTCAGTATTCTATTACCCCCGCGAGGGGTTGTCCGCACAGTTGCCAGCATCAGAAAGAAACCTTGCTGCCCTGATTCGG
rUizD6,17.44,AAAATTGAGTGACCTGCGTCGCCAGCTTGACAAAAACGGTTTGAGGTTCAAGAAGGAGCAGACCCAATCACGTGCTAAATACGAGAAATCCTTCCTGGAACCCCCGATTTCCGTACTAGAGACGCCCAACTATTCAGTAATACGCTTTTGATTTCATTGAGGTGAGTACTCGTCCATCGTATTAGAGCGGCCCCGGTAAGATTGTGTTCC
yApev5,14.62,AGCCTACTACCGAAAGATTAACAATGAGCTCGGGTTATCTTCTCTAAGTATGTGGTCATAGCTTAGCCCGTCCAGTGGGGGGGAGCACAATCCCCCACCTTTTATCGTCTAGTTGAAACATTCTAAGAGTCGCGGTCATTAACGACCTGACCACTTTACCAATGTCTCCACAGGGGGTAACACCGATTGGAACCTGCTTGTCCTCTCCAT
Hnb3SV,5.94,AAGCAAATCGGTTCCATAACATGTCTGCACGCCCTACCGGATACTGAAACTTTTGCGATATGAACAGGATTTTTACCTCCGCTATGTTTAAATTTAACCAACCAATTGAACGCTGTTCTCCCATCTTATGGCGGTGATTTGGTGTACGTATAGAAGCACGCGCTCCTTGGAGATTAGACAAGGACCCCAGGGTATCGGGGTCGCACGGTC
yJZfQa,11.39,CCTATTCTTCCAGCAAGCATTTGATCACCGCAGCGAGAGGCTCCGTTAATCCCTATGCGGGGGTCATACTAAAAGAGAAACCCGCTTTTAAAAGCGGCGAATATATCGTCGTTTAAGTGATCGGCCGGGCGGGGGAGATATGTAAAGGGATTGCCCGAATCCTTAGCATGACGTAGATCGTTCGCGAGTTTTACCGACCTGTGTACCAGA
WLtYZ8,9.07,GTTTGACAGATGACGACTGAGATCGTCTGAATACGCGGGCTGGCTCTTAGTATGGTCACAGCGCCCAGAGCCAAGCACGCCGTTAACATGTACATCAAACGCAACACTAGAGGCCAGAACGGGACTACTTATGGAGGGCACAGGACAGCGTCGACACGAGTTGTGACGTAATACAGTCGCCACCCGCCTACTGGGTTAGGTCAAGGTGAC
Jp8CPH,9.14,TCAATAAGAAAATTTTATATCGTCCTAGTATCTTAAACATCGTATTATGATGAGCATGTCCTGCTCACCATCATCTGGCCCGGCCTACTTGGAGGATCGGTGGTCGTAGTTACTACGGTGGCAGGCTCGCTATCCGGGCAGTAAAATAATACTTGTCGCGAAGACGGAGAACCGAAACGAGTCGATGACTGTAAGTGCAAAAGACTGTCA
4buBgM,16.3,ACCTGGTTAGTGTAGGGGGCTATCTGCAGGATACCTGCTGACTCCTTCCAGTTCTGCGAGTTGAGAGGAAAGAATCCGGGGGTGCAACCCTACCCACAAAAGTGGGCAGAATGGGTATCCATGAGTAGCTTGAAACAATTCCTTGTGAAGACGGGTCGGAATGTCGCGGTTACGGCGTGCGAGCTGTGTTGTTAGTCTGTACGGTGCACA
oaRwsi,10.34,ACGGCAGGATAGACCGAAACTGAACCCACAGAGCGCGCAGTAGCTGTCTCACCAGTACGGACGTCATCTCAACGGCGGTTAATGTTCTTCTGCGTGCTCGGGTAAAACGACAGCCGGGGAGTTGAACATTGGGAACGGAGGTATGCACGAGCATGGCCCGAAATTAGCTAGTATGTACGCCCCTACTTCACAATGAGAGTGCATCCTTAC
5DvKPC,13.82,TATTCTAGCGTTCTCGGGAGAGACCTGAGATAAAGAGGGCAGGGTCTGTAAACGACAGGCGGATGCAAGAGAATACCTATCTGGTTAGGCAACAGTCGGGCCCGCTTCCCTGCGTAGGGACCCACTAAATTGTGGGCATTACAGCATTTCACCATATAAGTGTTTAGGCGTTCGCGCCTTAACATACATTACGAATTGTGGAAATGCCGA
Om5mEV,15.93,GTCTGGCGAATATAGTTGGAGGGATTAATTATGCGCGTTCGTTGATATGAGTGATGCCGCGTAAGATCAGGACGGATGACTGCTTGCTCCTAGGTGTCGCTAAGGAATGGAGGATAGACTTTCACGGCGAGGGCTGAATTAACAGACCGCCAATGGCTCTCGTCGTCACCAATCACAGTGCGTAAACGTCACTAGAGGTTTCGATCCGAT
eq0e6y,17.76,GAACTACCCTGCTGCGCGTCCTGTCCTACGTGACCAATCAACACCTTGTGAGTGCATGGGCATAGCCAGTGACTCTCTACACCTCATTACCATCGAAAGGCGCGAGTAAACCTTACAGTGGGTAGGTCAGGCGATGACCTAATACGAGAATCCACCTTCTTTTTAAAAGCTGGAAACCGAAATCTCCCTTCGACAGTCGACACTGTCTTA
G63Be7,8.85,CATGTCCACACCACTGAGCTGAGGTTTCTGCGAGGATCAATCATTTTTACTAGAACTACACGTCGGTCAACCGCCCATTAGCCATCCTTTTAGGTTAGAGAGTGTAGTCTGGCCGAATACTTGATATTGCCACGACATCAAGAGCCTACGTGCTTAACCAGCCAATGAAGAGATAGGTCTAGGTGGTCTCGTTTACTTATCTTTATGCAC
CLpQ2Z,6.11,GATGATTTTTCCACGAGCGGCAGGACGAGTTAATCTACATCGGTCCCCCCGTTGTAGCAAACTGCTGCCCTTCGGAATCATGAAGAGCCGGCTGTCCGGGGGGGCTCACTCATTGTTAGCAAAACTAAGTCTGATGTAAGAAAACTGGATGTGACCTTGATTCTCTTCCGTCGGAGAAGCGAACGAAGGAAAGAATAGAGACCGCCCACG
SKZ3Ul,14.48,TGAAAAAATACCCCTATACTTCCACTGGCAAACTAGACGAACTCGAATTAACCCCGTTTTCGCGGGGAAGACCTTTAGAACCGCACGCTAGTCTGATGGTTTACAGTTGTCTGGTCTAGAAGGTCATGCTGAAAGGACCCCGACAAGGCAGGCAGTCACTTTGAATAAGTGCCCTCTCCCACCACCTTCTCTTGGGTAGAAATAAATCGT
BZGMbN,5.13,GGAGTAACCGCAGAATCTTCCCGTAGTCCCAATTACAGGACAGAGGCCCGTGGCGTGATCTCATCAGATCCTAGGCGGGCCGAGCCATACCTACTCTACAGACTTAAGTACGCGAGGGTGGGTCCGGGTGCAATTTGATCTTTAGGCTCTATGAATCCCAATAGCGAAGAATGTAGAATTAACATCGCCAGCTCCCCGGCGGCATCCCGT
A3CUmI,14.17,GATCCGCCAACGTGTAATCAGTCCTAACAATGAGTGGGATTACGTGCAGATATTAAGTTTTCAAAACCGCGACTGAGAACTCCCGCTGTGGAACGGAGGCGTAGGGATTCTTAACCACATGAACGGTACTCACTTACCAGGCATAGGCTCAGAGCGACACTTTTCCCTCTCCTAGATGGACACAACACGAGCATCCCCAAGGCATACTGG
ZbTxUB,11.85,CAGTTGAGCGCCGGCATACGCATCACGAGAGGTTCTTACCTGATTCACGTGGTGTAGCAATAATTCCGTAAGGGACGTAATTATCCCAGAAAGCAGCCACAGGCCGCAGCCTTATCCGGGAATTCCTAAGACGCGGTACAAAAGACACATGAATCCGTCCATAAGGTTGTATGAGTTGTCTGGTTGACCTGCATACCGTTTCACTCATTC
qhC14k,6.28,CTAATGTCGAAATCGCGGGCAAGAACGGCGATAGGAGGAGTTACTTTATGTGCTCCTGCCGGTCCCAATCAAGTTCTCTCGATCGGAGCGCATTAATTAGTTACCTGCTTATCCTCCCCTTCGCGGGAGGAATAGCCCATAACACTGACTCCCTAGTTTTAGCACAAAATGTAACTTTGCGTTCGCAAAATCACTGGTAGATCAGGTCTC
y3maE4,12.13,CCATTACGCTTAGCTTCGGCCGTGACCAGTCTGAGTTGAAAGATCGTGTCTCTCGGACATTATGAAATCCATATACGCTGAGAGCCGCCCATGGACGCTTGAAGCTGAACACGGTTGTACACTCCGCCCTGGAGTCCGTCGCTAACCAGACGTTACGCAGGCTCTGGTGGAAGAAGTTCAAAACTTAGCGATAATGTAACGTCGCGTATG
o0eCeF,17.54,TCTGTGACACATACTCCCAGGGATAACCAAGACCAGGCTGTCTAATGTAATTACAGTTCCAGTTAGCCTCACTTCAGCCACGCCGGAAACCAATAAGGCATGCTTCTAATCTCACCATAGGGCGGCACCGGTCCCTATACGTAAGCGTCTCCCCTGACGAAGAACGCAGACCCGGAAGAACCCCTTACCCCCTAACGCCAAATCATCCCA
rRgf9Z,6.78,GCTTGGGCGCACATCACACAGCACCGTGCTGCGGTGCTACGTGGAGGTAAGGCCTGTTCGGGTATACTACTTGCTCCACAGCCCAAGGACGAGCAGTACTTCTCCTCGAATCGAAAGCTACGGCACCTTCTATTCTTCGATTTCCTCAACGACCCGATGAAGGCATGCGGTGCCAATACAGTACGCGCAATAGATCCTGGCACGAGTAGC
0yqp1A,11.95,ACATTCGTGGCCTCAACTAACGCGTTCGAGCTCGGCAATGTTCCTTTGTAGTTCTAGCTGTCGCCATACTTGATCTCGGGCGATCGACCCGGGGGCGGAGCGCAGCATACCTCTCAGCGCTCCGGGTGTATATCGCAACCGTGTGTATTGGTCATCAAATGAACACCCAATTCTAGCGGCGCGTCATTACTATTACAGAGTTTACTACTA
LP80HB,10.69,ACCGCTTTGCGTAGTCCCCCCACTCGCGCAGGCATTAGCTGGTCTGCCTTTTTGCACCCGCTGGTTGGACAAGCACCAGAGGAAAGATTCGTAGATGGAGGGCTGTTCCCACAGATAGCTACCGGTGTGGTCTCACTAAACACCCCAGTTGTAGTCGTTCCAATTCAAGCACCACTTAAGTGAAAAGCTCAGGGCACTAAGCGAGCGCGC
vIa7Q8,15.13,GGCGGGCGAATGTGTATGCGAATGTAAGTACAAGTCCTCTTTTTATTGACATAGTGTTTACGAACGGCCTCATTGCTTGGGTACTACCGGGGGTTCAGAGAGAGTCCTCTGGTTGAAGTTAAGGATAGAAGGGCACAAGGAGGTTGATTAAAATAGACTAAGTCAGGGGATGTGAATCTCCCCTGGTCTAGTCGATCTAACGAGGCACGG
ktxVlg,12.95,AGGATCCGTCTGAGGATGAGGACGCTGAACGTCTAGAATCTCTGATGGTCGCAGGTTGTTTCCCTGTAAAGAAAGTTTACGTAACAGAATACCCCATGGTTCTAATTAGCAGGAGCGAAGCTCGAAACCCCACAAATGCGAGTAAATATCGGGAATTCGACCTTACCAGCAACTTGATAGATAAGTTGGTCAGCAAATGTGGTAATACTA
06oaMF,7.52,AGCCCAATTCATGGAGCACTAGGGGAGTCCGTCCTGCTGGTACCGGTCCAAAACAGGGGACGCTATGGATCCCGGGTTGGACTGTTTTTAGCGGACAAATTACTTTCTGGGCATCGGCCAACGCAGTTTTCACGTAGGCCCTCAAACACCGGCTTTTTGAGGCTGTTGTATACCGTAGACGCCCAGCATATGTGGAGAAGTGGCTCTTAA
kRKM6p,9.08,ACATCCGCTATAGACAGTAGGGACTTTGGTTGGATCGTAAAGCGTAGTCAAGGGCGAGGAACTAACATAATGCTGATCATTTAATCCTTTACAGACCCGAGCTGTTAGGACCGGGGGAGCAAACGGCGCGGCCCGTATTAAATAGTTGAGTCAGATAGGTCACCCTGGTCGTGGCGCGTATAATCGTCAGAATCCCCACGTGCATGTACC
LQKg4D,5.07,GTGTGCAGAGGGACGTAGCCCACAAGTGACTACACTCACCATGGAGTTGAACTTGAACCTTACAAGATGGGGGTTGTACGGGGATTGTGTGAAGAAGCAATCTCCCATAGGATTTGAAGCGGAAGACCCCGAAGCCGACCGTGTGCCAAACATTCACTAACCCTTCGGGTCGTCAAGACCAGCTAAGCAAATAGGGCTACTGGATTGTTG
86i9gJ,9.93,TATCTCACTGTGAGGAGAGGATACCTGCTTGAATGTGACTTCCTAGCTATGCACTGCGTTGCTGTAGCTAATATGAGAGGGTCACTAGCATGGCCGGCGATGTGTCGTCGAACACCTCTAGATCTGCTGCGACTAGCCGTTTGTGACTAGACTTATCACAGTAATGTAGGGGATGAGGTTTGACAGGGCACTAGAGCATCTAGCTCAGTT
SrjLUB,11.53,CGATCGGGTAAACTGTTCAAACCGGTTAAGGCTTATTTGTTTAAGACCTTTGCATCTGCCTGCACAATACATATCCGCTGATTTGTAGTCCGACCTAGGCCATACGCGTCGTTTGTTTGAGGATATCCGATGGTAGCGAGGTGGAAATACAAGCTAACCAAACTCAATCACGCCGAGAGGGCCTCGATCCCCGTTCTCCGTGCGTGTATC
Yundgd,17.16,ACGCTAAAAATTGCATCATAGGTACCACGCCTAGCTATTGCATTGACGCGGGACGATCGATCAAGACAACGATAATCCGAGGGCAAAGAAGTTGAGACTCCTTTCGCCGTCTAACGTGTACCACTAAGAATGGATCTCCCATTTAACATCCCAAAACTGTGATCTGCGCCTGGGGGCAGGAATCAGCTTACACCGCATATGAAATGTCGT
3Ug0cU,7.38,TGCTGGTCATGAACTTCATGTAATAAGGGTAGTACGACAGGTCCTCCCGGGTGACACGGGCCAATGTCCTATTTTATCCACGCTTACGGTGGTGAGAGCAAGGCCTCCACCAGGCTAGCAGATTGTTCAAGTCCCGCGCCTGTGGACAATTGTGGTAGTACTCGTCCGCGGATAACTTAAAAACCTTCTATGCACGTAACAGCAGTTCAG
20Eutr,5.12,GCTTCCGCGACGCAAAAAGTTGCAACAGCAAAAGCTTCTGATGATGTGCGCAGTGGTCGCCTAAAAATCTTGGGGAGTCAATAGAGCACTACCCGGTTGATGCGACGCCCTGGTTAGGCGCAATCGCGAGGTAAAACCTGCCCACGGAGTATGTTAGATTTTGGTTGGAGCCCTACGGAGAAGTGCACAACGCATTTTTAGTTCTGCATT
aSU9by,13.18,ATCTGGAATTACAGTTGGCATTCTATACAGTGTGCAAGCGTTGGTATAGGTACGTAGGCAACGACGTGTGGAACTAGTAATTCGGCACAAGAATCCGATTTATTTCTTGGGCTCCCCCGTCACGCCCTACAAGAGGACCCGACTGCTCGCATGTAGCACGGCGCGCCACACGGTGTAAGCCGATGGGACCCTCCCGTGCCAACCACGCCT
LPQ8LE,5.19,ACTAACTTGGTATAGTGAGGGAGGCGCGCCCGTTATGGTCGTTGTTCACAAACTGACCGGGGCTCATATAATGCCCCTTGTACGTATATAATCAGGTGCCCCAATCCGAACTTACTTTCACTAATACCCAACAGCTCTATTAACACCCGGGTAAACTTAGGGGACACTCTTTACCCTGTTTTGTTGATTCTGCAGTTAGCCTAGCCCTAT
c6T4tp,17.15,GCGGAGTCCGGATAAAGACGATTCTATCCTGGAGGACACGACCAACTTGAGCGTAATTGGTCCCCAGTCTTATCCCGGATGGTCATGCTTAGGGCTCCGTCGCCTCCTAGACACTTCCACCCCTCATTACGTGTCCGCTCTTCAGGATAATTAAGGCGTGACGATAGCGTTGGATCTCGTCTGCGACGCTGTGGCCATTTGGGAGGGATC
1jg3iw,16.78,TGTTCCGATTGCTCCGCCACCCTCAGGAGTGGATCTTGCGAACTATATGTCAAAATAAGCACTCGCCATGTGTCTGGGCTCATTCCAGATTAAAAATCGTCTCTAATGAGTATTCGATTCGACATACTGGGAACTTTCGTTCGCAGTGCTTCCCACCCGCGCATAGCATAGAGCCCGCCGGTTACATTAATCTGCCTAATGCCAGCCCAG
tSCjO4,16.47,GAGGTACGGGCGACTGGATTTCCGGTCTTTATTTAGTGGAGTCACGTTAATTATCCTTGCGGAAACGCAAGAGCGTTAACTCTTCAATCCTGAGGTACCTTTCCCGGTTACCGACGTCGACTATCCCTTCCGGCCCTCTCACTTCCCCTCTACTAGTGTACACAAAAGACGCTGCCCCGGACATAGCATGAGGGGGGGTTGAGTTGCCTA
gPLm8j,13.8,CTCCGTAACATTTAGCCCCGCGTACATGTGTGCGTTCGGACCTTACTTCGCTTAGCATTTTCTCAGTCCCTTACTCAGGTAATAAGTGTGCACGTACCTAAGGCTACCCACGAAATCCCCTCTTAAATGCGATCTGTTTTGCCTGGCTCGTACCTCGTCGGGACAATCGACCGATTTGATGGTTCAAGGTGCTACGCATCTACACCGTTA
FMc1h3,12.45,GATCCGGACAGGCGAGCAAGTAAACTACGGCCATTCTGTATACCCACTAGTCAATGGAACTACACCACGAGATCGAGCTGAAGTACTCAGATCCCGGAGACAACCTATAGGAGCACTAGGTGGCAAACTACGGCCCGTTTAGAACTCTACTTCGCCCGAGGCACTCAGGCTGTCTCACGTAGGATTCTTCAGTCTATCCGCTAATCTATA
LUuG9e,9.89,GCAAGACAAACGAAGTCCTATAACATGAGTTGCGAGCAACATCGAACCTGAACTTGATGACGTGGGGTAATCTCCCGCTCGTGGTCCCGTTTTGCACTGAATGACAACTTGTCGGATGGAACCTCTTTTTTGAAGATAGTTATTAAGAGGCCGTCGGGTTAGAATCAGTACATGTCCGCTGTCTTATACCCTATCGTTAATGACTGCGAG
XkP0og,14.83,ACCATTTATCGTTGATTCATTACACATCCTTTTGGCGTAGCGTGCGTGATCTCACCGCAAAAGTGACTGATCGTGCAACACATTGTCTGGTCGGTGTCTTTGTACCTGCTGGCCCCATGCCGCCTCAGTCAGTTCATTCTCTGCTAAACTACGACACCTGGCTTCAAATGTTCTCGATACTGCCCGCACGGCGTCGAGAAAGACGCTCGT
O5zxrH,13.29,CGTGAATGACATTAAGCCTGCCAAATGTCCATGTGGCCTATCGATACCATCTGCGGCTGCCGCGCGATATGCGCCTGGGGGCCGGCTATCGAGTAAATTATTACACTCAGCGGACCTATGGGGTCGGTACTACTTGACTTAAACTATCCTCCATCCGCTAGGTCCAGAATCGAATGAGTATTCGGTTATTGGCCCCTTCGACGATTGATT
bszozl,8.73,GAACGTAGTACATCCGCTTTTTAATCCGGGCAAACAATACCCGCTCCCATGACTTGTCTTTGGTTCAGTAGTATGAGTCACCTAGCGTCCGCCTCCTACAAACCTCTTACAAATAAAAGGCCACGCTAGAGTCCCTCGAACTGTATCGAGGGATGTATCCCACTGACAAAATGCGCAGCCATTACCAACCGTATGCAAATATACAGCATC
DueD2G,9.09,CTATTGTTGACTTCACTTCTCATCCTATATGGTTCCGTGCGCTCCATCCGCTAGCCGTATTCGCCTTCCTATGGCAGGCTGGCCACCTTGGCTTTCAACACAGCCAATCTATTAAGCTTTGAGGCCCGACGTCAGCTTTTCCTATGGAGCTGCGGCTAAATTTTATTTAGGGGGGACCTTGCTTGCGATTACATAGAGCTGAGTGATCAG
K2kCRs,9.77,GGACACCCGGCCGGTTACCGATTCGATTATAGGGCGTCTTTAACCGGACCACGCTGGTCCATAGGATGGCTATCTAAAAGGTCCCCCGCCGACGCCTACACTGTATTCGCTGACTTGTGAATGCTTTAAGCTGACGCGAATTAGTTGCAAGACAGTATGTTATTCCTCGTGGCTCGTCTAGATTTAAAAAGAGTTACTCATGAAACTCCG
UlRTL7,8.71,TTCGCCTCCTAGAATGAACATCGTGGAGCAAGCGATGAGAGTGTCGCGAATGACGACTCTAGCAGCGGGCTGGTCGAAGGATACCAAGCTGCTGCGTCTGCTGTTGGGCTTTGAGGCCCGGCTAAACCTTACACCTTTGTATCTCAAGCGCGCGGGCGTCAATTGAGGAATAGAGGGGAGAGATACGTCAGTTTGGCGCCTGTTCACGTA
PCYkmC,13.2,CTATTGATAGCTAATGTCTGTCTGCGTCATAAGCACCCTTTTAGCTAATGCCCAAGAGGCGCCGAGCCTGCTGCAAAATCTCAATAACTCGCACCAACGCCTGCTGGCTCCAAGTACTACTCCACTTGTGGCTCTCCTTGAGCGGCCTGTAGCAAGACTTAACTGGCTTCTGTACGTCGTTCCGACATACATTCATGGTACATGGGGTAG
hpYmam,11.38,TGCTTATCAGCTAATTTATAAACTGAGGCTCGCTGATTTCGACACTCAGGGACAGCCCACTTGGACGGGCTGTCACACATAGATGAAAGGATGCCCTTACTTCCGGATCAGGCTTACCAATAGTACACCACGGGGCGCTGGGCTCTTTGCTAAACACTATGTAGAGGACGCGGCAGTTAGCATCCACACAGCGGTGTGGTAGGCTTTATT
cmfJXi,16.35,TGATTGTATATACACCTGAGGACCACCTTTTGCCGCAAAGGTGGGGTCCGTTGTTTAATAGGTCAATAATAAAGTCGCAGCAAGGGTCCCGGGTTTTCTTGAACAGCGGGTTCTATTATCTACCCTTGTACTGTTACGGCAGTGAGTGCAGAAAGCCCGCCATACACCCAGGCGATCGCAAATAATATAAAGGGATCATTTATCCTTATA
qRx60C,13.09,GTCCTCCATCATGATGCCGTCTATAGGGTTCCGCTCTACTGCAGCTCGGCGCGTTGAAGGTACTCAAGCAAAATCTGGTGAGCTTGTCAGAGGGCATGGGACAATCTGGAGTACTCGTGGTAAATTAGGCGCTCGACGATATTTTTGCCCGACATCTGCACCGTAGCATGTGTCGCCGTCTCAGGTACACATGTACTCGACCCTTCAGTA
tmz5i1,6.11,CGCCAGAGATACGACGCCTGTTAGCTCATTATAGCGGCAGACGGGGCCCTTGGTACCACCCAAGGCTAAATCAGACGCTGTCGCATGTCATCTTAAGGGAAGAGTCCGAGGGACCTTCATGCATGCGGGGCATTTGTCAGCACACGGTGAGTTAGCCGCTAACCGATTTACTAACCGAAGACGCCTGATTTTCCTCAGTTCTTGGTAGTA
yvuhth,9.62,ATTAGCCTTCACGCGATCTGTTTCAGGTTTTGACTGCGCATCTTCTTGGGACTTGAGATAAAGCAGACAGGCCCCGATATTTGTAACACGGATCATTCTGCGCTGGATAAAGCCCTGCTCTCTCTAGTAAGTACGACCCCCCTGAATTTGCTTTTTAAAGAGACCCATCCGCCGCTTATAGGCGGCCCAAAACCTCACACTCCGTAGTCT
sU8j2K,13.87,ACGCAGAGCTCTTATATGGCATTCTGCAAATCGTTATCTTCCCTCCAAGTATAGACTTCGGTTCTGCTTCTTCTACTCTGTAGGTCTCGACATGTAACCGCACACTCCGCCGTTTACTACAGGGGATTACAGCCGTCACCGACAATAACGGCATGGCGAAGAGTTATAGCACCGTTTACAACCAAAGGATTCGTGGCCGTCAAACAGCAG
I8nBcQ,8.78,TCATATATAACTACCACGTCATCTCGGGGTGGCGGCCTGCGTTGGTCCTATTCCATGCCGCGCTTCCGGGCAACTTGCTGCTAAGTAAAGTGTTATCAGTTCGCCGAGATGATAGCGTACAGGAGCGATGCCCTGGGAATTTATAAACCAGCAAGTAATCCTTTGGGCATGAGTTAAGCTCTTCGTCACGGATGTTCTCGGTGTCTCAAC
NSDYTM,16.18,CCTAAACTTTGGAATCTCCCCGCCTCAGCTTGCATTAAAATTTAGCTACCGGGCGCAATCAGCTTCCCCCTGAAGGCAACAAAGAAAGGTTACGCAGGTACGTTTCTAACCCGCAGTGTGGAGAGCAAAAGCAACAGATTGCATGCGGCCGCGCAACTAACAGGCTGATACTCCTGATATTCCTTATAGGAGAGTACGCCTGTATCCCTT
CvIyIJ,10.79,AGGGCGGTACGGAACGACCATTCAAGCTATATTCGCTTATCCAGAGCCACTTCATTTCGTATCGGGGACCTACAGTTTGGATGGACTTTAAATGTAATAATCCCACCCATGGAGTCCGAAGTACAAGCAGCTAATCTGGGCGGCCTTGATTTGGGGGGCCCGAGGAGAGCGCTGCGCACGAGTAATACGACAGACAAGTTTATCTCATCA
6Nv3oM,17.65,CGTTTTACTACGCGCCGGTTTGTTCGAGTGTAATGCGGGCGAGCTGGCGTGATCATAGGGCCTCTCCACGGCAAAAGGGTTTGAACTATATAATTCCACCACCATGCGGGTTCTGCAACATCGTGAATAATTCTGATGGGGCCGTTTGATGGAGCTAGTGTGAGGCTTCCCAGCTAGAGTTGATACGTGCATGACTGATCGTCACCGCGC
uCMOE0,6.2,GTTCATCGCTCTCTGCTAAGAATCATACCTGAGACCTCGTCGATGTAGGATTGACCAACTATCGCTGTCTCTCTACATGCGGAATAGCGCTAAGTACGGGTAGATCCATGTTGAGCTATTGTTCGTAGCGCCCGCAACCGGGCTGTCCGATTCGAATCGATAACCGCCCACCTTCCATTTTCTGTCTAATTGACGCCAATTCCATTGGCT
kmD5zE,7.16,TATGTAGACGGGTAGGGAGCTTCGGTCACGCTTGGAACTTTTTTGATGACTGGATACGCTTCTGAATCGTTGTGAAGTGCACTTCAAAGATCCGGACGTCCGCCCACTACACGAGATAGTAAAATTAGACTTCTTCCTAATGCCGAGCCGTGCGCCACTGGTTTCAGTCAGTGTACTACACGTCGGATGCACACGGGACTTGAGCAACCT
v5PdrC,13.73,AGCAGCTGGCGGCGCACGCTTGCAGCTCGTGACCAAAAAATGTATCGCTCCACCAAGCGCAAGATCCTCAAACGAAACGTGCGATAACCAATTCGAGTACCCGTATGCTCTTTAAAGGCTTAACTACCCGAGAAGCATACGCACCATTCGATCTCAGGTCATGAGCAAAGGTGGAAAAAGTAATTAATAAAAACTGCCCGTCCGGATCGT
kU6gtG,7.07,TTGGGAACGTTTGAAGCCTGTGATTGTGCCAATGCGTTCTTGACCCCGATGTGGGTCTGGCACCGGAGATATTATACTGGTTTACACGATTAGGCGTGCCATCTTATGAGCTAGCGCGGTTAGTCGTTGGCCCTGAGATTTCGTTCTTGCTAGGATGGTTCTTTCTCCCATCTTCGATTTACTGAACAAAAACAGCCAACAACGCTATAC
hRXtPO,6.3,TTACTAACCATGAACAAACTTGGATATCCTTAACCTCGCAACGTTGGGTAGAGTGTGGAGGAGCGGCAAAAATGGGGTGATAAGCGTAACGTAGGCGGGATCCGTCCTTCTACTGTAGATTTATGGGACCGGTAGCGTTATGGTCTATCGGGTCGGGCAGGGAAGTTACTACATTAGGCACCGTTGACCGTGCTAGGCGTTGAGGGAATT
W9OZqP,8.3,ACCCGGATTAAGGCCTGCCCTACGAGCGATTCTCTTGACACCGAGACAAAGTAGATCAACTCTACTACCGGGGTGGCCTTCACGGGGTCCAAGAGGTCTTAGCCATTCCTAGTATTGCGCTGTGAAATAGTGCACAGATGCTGCTCTTAATCGCCGAACTCACCTTATTCGAGAAAATTATGGAATTCCGAGAGGTATTCCCTCGGGGGC
kqkKQa,15.0,GCTGTGAAATACCAATACTGCGGGAGCGCGACCCTCTTTAATACCTCTGCTGCTATAGGTAAGAAGATCATACTACCGTCCACGTTCGGCTTATTCTGATTGGCAGCCTAAGGTAATCGAAGGTGTTCAGAGTCTTTTAGGCCAGCCCGAAGCCCTCCACTCCCGAACGCAAAAGGATATGTTATCTTACGTGTAAAGTCGCCGTTTATT
TFImB0,15.45,TGGTTCAGTCGTCCAACGACAGCTGCACACTAAAGCTCGAAATACCCCTTGTGCATGACGTTTGTATCGATTGTTGCTCAAGGGTAAACTGACCCAAGTAGCCGAGGGAAGGAAACAAATCTCTATAGTGTACCCCAATGCAAAATAATTAATGGGCTATGAGACTGGACGTATTCGCATAAAGCACATGGTCAAGTCGAGGACACAGTC
uAKOk5,9.73,GGAGCCCGCGCCATATGATAGGTCGTTCTGAGCACACCCTTTTCATACAGAACGGTGAAATGGCCATGCTTTTCAGCCCTCCTCACAGCACAGTTAGCGGCTATTGCGCTACTAGACCAGCGGCCAAATTGAACTGCCCCAAAAGCAAGTTCATCGCTGACAGACCGGATATGGTGGTAGGATCGATGACTCCATTAAACATCCTTTCCT
Mz3JkB,8.89,GTCACTGGCGGCCCTAGATTTCGGGTTATCTGAACGTGTAAGCCCTAGGTGGTACGCGGAGGATCGCGGCAATTTTATCGTTCCTGTGATGCCTCGACTTCACGATTAAGTCGGCATAGACCGGATCAGTGTGATTCCTCGTGTGTGAATACACATAGCGTCTTAGAATAGCCCGGCGATGGGTCAGGTTAAGAGAACGGTTGTAGGTTC
DmnzL6,13.42,CAGAAAAAAAAAGGCACTCTCAGATCACTATGTCGAAAAACTCGTTGATCGTAAAACCTGGTACAGGAAAAAAGTATCCTCACAGATAGGGACCAGTACAAAACTCCTCGATGTGAGAGGCCCGCATTTAGAGCTCCCGCGTATCCAGGGCTAGTCAAAGGTGTTGTAGCATTCCACCGCCCTTCGATGCAGTGGAATAGGCCACCAGCG
kEm3OO,15.51,TGCGGTTCTAGGACACCCTCTAATGCGGAGTCATTGTCATCGAGTCATTCGAACCGCGTACGTTAGCTTCGACCTTATGGACGGATGTAAGACCCCTCTTATCTCTCGTGCAGTGCTGAGAAAGTGGAAACGTGGATTAGAGATCACAGAAGCTTGGGACTCTCAACACCCAATGTAACATAATTCCCCGTGAGCCGCCACGGTTGAGAG
r1zlBy,15.34,GAGACGATTGGGACAATTAAGTGTTCAGAGATGAGGTCGGAGAGAGGATCGGAACCCGGTCTACTCCCCGTCACTACTATGCGGGTTTTCGAAGCAATAGCGAGATTGGGCCCAGGTCACACTTGCATATATCCTGAAGTGAGGGTAAAGCAAGCTCAGCCTTAATGAAGTTCTTTCCCAGAAGAAGAGCAACCGACTTCAGTCCAGCAG
dM4dPM,9.76,TCCGATGATATCTAACTAAGACTGAGTACGTGTGGCATCAGAACCTTATTCTAAAGGGTCAAATTGCACACGCGCGCTTTCTGGGGTGTGATCCGTAACCTTGCAAGACATTTGATTAACAAGGTATGACATTAGTGGTGCGGATACTACCACCCTCCCCAGTTCACTTCGCTTAGCTCAGCGTGGTCGGGCTAGGGATCTCTTCTGATT
i1B6bH,17.57,GCTGAGTAGGATAAATTCTAAGGTACCTTCATTATAACTCACTGCCACCTGGGAGGGTATAACCCATCTAATATTGGTTACAGCATCAGTCAGGCGGGGAAGTACGGGAATCAGTTGATTATTTACAACTACATACAGGGCCCTTCTACCGAATCCCTCATGAGACCGCAACGAAACTTTGGTCTTCGCTGACGTGTGCTTAGTACCCTT
Z482tA,17.4,ATCAGAGCGCATGCCGAACGGAATCAGGGGCGTATAGACTTTAATCTTCCAAGGACTTGGTATAAAGGGCCTCTGGAAAGTGGCCGGATCGATTATGCGAATATATTTCAGTCATGGAGATACTATAACGTCGGCCCACACCTAGGTTCGTCCAACCCCGCGCTCTGTGCAGGGGGAAATTCACCGATAGGGCGATTATCGATACAATGA
VtHZEN,14.52,GATCCAATACATCAGAAGTGACATGCCTTTCGGGATTGCTGATAACGGGCCATACGTCACCGGATTAGCCCCTCGCTGCAAGAGGCATCTCTAATGCGTCCATTAACCAAAGCCCGACAAAGTACTCAGGGGTCCTGTGGCATGCTTACGGGTCTTTCTGGGCCATATGGATACTCCACGCGAACACCATCGAACACCACGAAAAAAGAG
ZHidfM,6.52,CCGATGTAATAGTTGGGTACCCCGCCCTCTCAAGAATCGTACAAGCAAGCTATCCTTCACCTTTTGTCAAACGCCTAGACGCTGTTGCTGGCCTGCATGCCATTGGTATCAAAAGAGCATTGGCTCTTGGTCCAGCGCTAACGCACAGTTAAGATATAGGACGTCACCTGTCTCTGGATCGAACGATCTTCTCAGACACGCGTAACACGG
